Channel Id,Channel Url,Channel Title
UC-lHJZR3Gqxm24_Vd_AJ5Yw,http://www.youtube.com/channel/UC-lHJZR3Gqxm24_Vd_AJ5Yw,PewDiePie
UC04nROIJrY22Gl2aFqKcdqQ,http://www.youtube.com/channel/UC04nROIJrY22Gl2aFqKcdqQ,Sylvan Franklin
UC0mimL9_grcwDIDi00iElnw,http://www.youtube.com/channel/UC0mimL9_grcwDIDi00iElnw,yan
UC1OladBAODagynp3m5gYRLw,http://www.youtube.com/channel/UC1OladBAODagynp3m5gYRLw,Tokyo Sims
UC1seHIojuHGRW0uphFROAng,http://www.youtube.com/channel/UC1seHIojuHGRW0uphFROAng,Santiago Weppler
UC2eYFnH61tmytImy1mTYvhA,http://www.youtube.com/channel/UC2eYFnH61tmytImy1mTYvhA,Luke Smith
UC4MdpjzjPuop_qWNAvR23JA,http://www.youtube.com/channel/UC4MdpjzjPuop_qWNAvR23JA,DevOps Directive
UC5--wS0Ljbin1TjWQX6eafA,http://www.youtube.com/channel/UC5--wS0Ljbin1TjWQX6eafA,bigboxSWE
UC6GtqfPlC6Jebuv_G9Ut0sw,http://www.youtube.com/channel/UC6GtqfPlC6Jebuv_G9Ut0sw,Squeex Bits
UC7tWE7c0r1gCbSX5CtsdEhg,http://www.youtube.com/channel/UC7tWE7c0r1gCbSX5CtsdEhg,greensuigi
UC8ENHE5xdFSwx71u3fDH5Xw,http://www.youtube.com/channel/UC8ENHE5xdFSwx71u3fDH5Xw,ThePrimeagen
UC9H0HzpKf5JlazkADWnW1Jw,http://www.youtube.com/channel/UC9H0HzpKf5JlazkADWnW1Jw,bashbunni
UC9HOZ53gnHP3f_b-wixS74g,http://www.youtube.com/channel/UC9HOZ53gnHP3f_b-wixS74g,Boot dev
UC9iIZaEy1r_q6CRAiXBqXOA,http://www.youtube.com/channel/UC9iIZaEy1r_q6CRAiXBqXOA,cazz
UC9x0AN7BWHpCDHSm9NiJFJQ,http://www.youtube.com/channel/UC9x0AN7BWHpCDHSm9NiJFJQ,NetworkChuck
UCCCmapQ-VnHWNZlK1Jdnalg,http://www.youtube.com/channel/UCCCmapQ-VnHWNZlK1Jdnalg,Gattsu
UCD0b5d9sqNQTjrXfg5ik3eQ,http://www.youtube.com/channel/UCD0b5d9sqNQTjrXfg5ik3eQ,paranoid.life
UCFJrJpo_R41Dx4faME4wYUw,http://www.youtube.com/channel/UCFJrJpo_R41Dx4faME4wYUw,Andrew Alinda
UCFVzAd9JKNLikLRuWOVB1YA,http://www.youtube.com/channel/UCFVzAd9JKNLikLRuWOVB1YA,JulianSonOfJohn
UCI39wKG8GQnuzFPN5SM55qw,http://www.youtube.com/channel/UCI39wKG8GQnuzFPN5SM55qw,package main
UCJXa3_WNNmIpewOtCHf3B0g,http://www.youtube.com/channel/UCJXa3_WNNmIpewOtCHf3B0g,LaurieWired
UCOnXADW1ewm6qOgyBpc-JPQ,http://www.youtube.com/channel/UCOnXADW1ewm6qOgyBpc-JPQ,Leo Wang
UCQSEAbOs6vsJfy7WN7iYaGQ,http://www.youtube.com/channel/UCQSEAbOs6vsJfy7WN7iYaGQ,EazySpeezy
UCS59zpGp5pmRQJ_2xqtBWPw,http://www.youtube.com/channel/UCS59zpGp5pmRQJ_2xqtBWPw,doozy
UCSdma21fnJzgmPodhC9SJ3g,http://www.youtube.com/channel/UCSdma21fnJzgmPodhC9SJ3g,NakeyJakey
UCSnd_UHkXW7uBpjHz4qIq5Q,http://www.youtube.com/channel/UCSnd_UHkXW7uBpjHz4qIq5Q,Squeex
UCUkyyRJdVdXFmBuxPLFYmPw,http://www.youtube.com/channel/UCUkyyRJdVdXFmBuxPLFYmPw,K boges
UCV6Z7q3Zz-VbXCUW9AkqAFg,http://www.youtube.com/channel/UCV6Z7q3Zz-VbXCUW9AkqAFg,Cinna LIVE
UCWQfbcMGyrPDlIU7wV7aAOQ,http://www.youtube.com/channel/UCWQfbcMGyrPDlIU7wV7aAOQ,Liam Triforce
UCWW1Ra1_vkeorkDKscHAZ4g,http://www.youtube.com/channel/UCWW1Ra1_vkeorkDKscHAZ4g,Squeex VODs
UCX-m1-3KAZfME7ApI5D5nNQ,http://www.youtube.com/channel/UCX-m1-3KAZfME7ApI5D5nNQ,eEthanc
UCXjBvSgcNWnP85PF25b9N_w,http://www.youtube.com/channel/UCXjBvSgcNWnP85PF25b9N_w,The Other Channel
UCXqpujU6mFXnA68ZrSAbuLg,http://www.youtube.com/channel/UCXqpujU6mFXnA68ZrSAbuLg,eshitaðŸ’—
UCYCO3Kifwg56zhus3XXiAVg,http://www.youtube.com/channel/UCYCO3Kifwg56zhus3XXiAVg,james vinh scholz
UCZwW2PXNovXy_xUIhmYv7cg,http://www.youtube.com/channel/UCZwW2PXNovXy_xUIhmYv7cg,Tiago
UC_nQoEUjORisdhF-kWorLQQ,http://www.youtube.com/channel/UC_nQoEUjORisdhF-kWorLQQ,mythicalrocket
UCcaTUtGzOiS4cqrgtcsHYWg,http://www.youtube.com/channel/UCcaTUtGzOiS4cqrgtcsHYWg,jvscholz
UCd3dNckv1Za2coSaHGHl5aA,http://www.youtube.com/channel/UCd3dNckv1Za2coSaHGHl5aA,TJ DeVries
UCd9TUql8V7J-Xy1RNgA7MlQ,http://www.youtube.com/channel/UCd9TUql8V7J-Xy1RNgA7MlQ,zanny
UCeIuImWY9NA05cbRJd4cFIw,http://www.youtube.com/channel/UCeIuImWY9NA05cbRJd4cFIw,Maya
UClyGlKOhDUooPJFy4v_mqPg,http://www.youtube.com/channel/UClyGlKOhDUooPJFy4v_mqPg,DougDoug
UCnC4wVEtlm9JYgkn_zs_fWw,http://www.youtube.com/channel/UCnC4wVEtlm9JYgkn_zs_fWw,Misty
UCpLLmdp8G_aH6j9P_efj2Sg,http://www.youtube.com/channel/UCpLLmdp8G_aH6j9P_efj2Sg,Lookin' Fresh
UCpwl7jNE9PJc-lBTShNs5TQ,http://www.youtube.com/channel/UCpwl7jNE9PJc-lBTShNs5TQ,Coding with Sphere
UCq6VFHwMzcMXbuKyG7SQYIg,http://www.youtube.com/channel/UCq6VFHwMzcMXbuKyG7SQYIg,penguinz0
UCq7dxy_qYNEBcHqQVCbc20w,http://www.youtube.com/channel/UCq7dxy_qYNEBcHqQVCbc20w,Creel
UCrPseYLGpNygVi34QpGNqpA,http://www.youtube.com/channel/UCrPseYLGpNygVi34QpGNqpA,Ludwig
UCsoIIWqR_2OAegsUTkY5E1g,http://www.youtube.com/channel/UCsoIIWqR_2OAegsUTkY5E1g,Schlatt & Co.
UCsvn_Po0SmunchJYOWpOxMg,http://www.youtube.com/channel/UCsvn_Po0SmunchJYOWpOxMg,videogamedunkey
UCtHaxi4GTYDpJgMSGy7AeSw,http://www.youtube.com/channel/UCtHaxi4GTYDpJgMSGy7AeSw,Michael Reeves
UCtJhDVqW8dFyvOVbFU9QK4Q,http://www.youtube.com/channel/UCtJhDVqW8dFyvOVbFU9QK4Q,yvguo
UCtUbO6rBht0daVIOGML3c8w,http://www.youtube.com/channel/UCtUbO6rBht0daVIOGML3c8w,Summoning Salt
UCtlPKUKHY54R3Fre_j3NTdA,http://www.youtube.com/channel/UCtlPKUKHY54R3Fre_j3NTdA,Barkage
UCw3DBQuPOQO3DpeRv8tmjPg,http://www.youtube.com/channel/UCw3DBQuPOQO3DpeRv8tmjPg,fanfan
UCwSM8c1XRH3wLcDmzbV5wAw,http://www.youtube.com/channel/UCwSM8c1XRH3wLcDmzbV5wAw,Steph Ran
UCwfWhtX78u56jlBgEuojY0A,http://www.youtube.com/channel/UCwfWhtX78u56jlBgEuojY0A,partyarlie
UCwgKmJM4ZJQRJ-U5NjvR2dg,http://www.youtube.com/channel/UCwgKmJM4ZJQRJ-U5NjvR2dg,george hotz archive
UCxXqeNx2u6mLcFiPrX3-G_g,http://www.youtube.com/channel/UCxXqeNx2u6mLcFiPrX3-G_g,theweeklyslap
UCzBRrR4uxN9urLDH_8mZdkw,http://www.youtube.com/channel/UCzBRrR4uxN9urLDH_8mZdkw,Nathan BOSECH





